{
  "materials": {
    "cathode": {
      "name": "Mn-doped-x0.05",
      "formula": "Fe"
    },
    "electrolyte": {
      "salt": "NaTCP"
    }
  },
  "design_specs_representative": {
    "Positive electrode thickness [m]": 8.999999999999999e-05,
    "Negative electrode thickness [m]": 8.999999999999999e-05,
    "Positive electrode porosity": 0.4529318383635336,
    "Negative electrode porosity": 0.38638533558835386,
    "Positive particle radius [m]": 5.3212396977092625e-06,
    "Negative particle radius [m]": 5.050000000000002e-06,
    "Separator porosity": 0.505191872628926,
    "carbon_fraction": 0.08499999999999999
  },
  "combined_deltas_representative": {
    "thermodynamic": {
      "voltage_boost": -0.0,
      "stability_shift": 0.0
    },
    "kinetic": {
      "exchange_current_log_delta": 0.0
    },
    "transport": {
      "diffusivity_log_delta": 0.0,
      "conductivity_log_delta": 0.0,
      "electrolyte_conductivity_log_delta": -0.2816163295699822,
      "electrolyte_diffusivity_log_delta": 0.000892474790494762
    },
    "structural": {
      "strain": 0.0
    }
  },
  "sensitivity_matrix": [
    [
      0.0677954558875331,
      0.1128776406686405,
      4.96523799095844,
      4.6385200623902385,
      -1.2938440701174005,
      -1.0986677790958415,
      4.882058839871807,
      0.03898322837342374
    ],
    [
      -3.925748479174105e-09,
      -3.9257485893870295e-09,
      0.9383166549170601,
      0.9395474357587478,
      -0.03711867325950678,
      -0.03609255309733329,
      1.3484334026880878,
      0.011523714831263028
    ],
    [
      -0.016013091652667205,
      -0.039433127696497386,
      -0.7543430718826019,
      -0.8050967582207136,
      1.257067438622527,
      -0.04735942056299791,
      -0.3714661403364526,
      -0.0073050158988508035
    ]
  ],
  "parameter_grouping": {
    "Energy": [
      "Positive electrode porosity",
      "Negative electrode porosity",
      "Separator porosity"
    ],
    "Power": [
      "Positive electrode porosity",
      "Negative electrode porosity",
      "Separator porosity"
    ],
    "Stability": [
      "Positive electrode porosity",
      "Negative electrode porosity",
      "Positive particle radius [m]"
    ],
    "Coupled": [
      "Positive electrode porosity",
      "Negative electrode porosity",
      "Separator porosity"
    ]
  }
}